"file","lines","scope","functions","literalFontSizes","explicitLineHeights","rawHexColors","pointerInput","semantics","infiniteTransitions","dialogs","appDialogs","appCards"
"app/src/main/java/com/example/metrognome/ui/components/ActionButtons.kt","70","production UI","GhostButton; GoldButton; DangerButton; ActionButton","14","1","0","0","0","0","0","0","0"
"app/src/main/java/com/example/metrognome/ui/components/AdBannerView.kt","35","production UI","AdBannerView; adaptiveBannerSize","","0","0","0","0","0","0","0","0"
"app/src/main/java/com/example/metrognome/ui/components/AdBreakBanner.kt","54","production UI","AdBreakBanner","","0","0","0","0","0","0","0","0"
"app/src/main/java/com/example/metrognome/ui/components/AppBanner.kt","143","production UI","TransientBannerHost; BannerPill","10; 13; 14","0","0","0","0","0","0","0","0"
"app/src/main/java/com/example/metrognome/ui/components/AppCard.kt","140","production UI","AppCard; CardHeader; AppInset; AppDivider","12; 14","2","0","0","0","0","0","0","1"
"app/src/main/java/com/example/metrognome/ui/components/AppFilterChip.kt","91","production UI","AppFilterChip; AppFilterChip","13","1","0","0","1","0","0","0","0"
"app/src/main/java/com/example/metrognome/ui/components/AppSwitch.kt","78","production UI","AppSwitch","","0","0","0","1","0","0","0","0"
"app/src/main/java/com/example/metrognome/ui/components/ChordGridIcon.kt","64","production UI","ChordGridIcon","","0","0","0","0","0","0","0","0"
"app/src/main/java/com/example/metrognome/ui/components/CircleButton.kt","50","production UI","CircleButton","","0","0","0","0","0","0","0","0"
"app/src/main/java/com/example/metrognome/ui/components/DailyBonusCta.kt","231","production UI","DailyBonusCta; DailyBonusBadge; DailyBonusConfirmDialog","10; 12; 13","2","0","0","0","1","0","1","0"
"app/src/main/java/com/example/metrognome/ui/components/DronePanel.kt","437","production UI","DronePanel; ChipSection; DroneKeyboard; DroneWaveIcon; DronePanelIdlePreview; DronePanelPlayingPreview","10; 11; 12; 20; 9","10","0","0","4","1","0","0","1"
"app/src/main/java/com/example/metrognome/ui/components/FadingHorizontalScrollbar.kt","116","production UI","FadingHorizontalScrollbar","9","1","0","0","0","0","0","0","0"
"app/src/main/java/com/example/metrognome/ui/components/FeedbackCard.kt","248","production UI","FeedbackCard; FeedbackQuestion; FeedbackButton; FeedbackThanks","11; 12; 14; 16","3","0","0","0","1","0","0","0"
"app/src/main/java/com/example/metrognome/ui/components/GnomeCanvas.kt","1520","production UI","GnomeCanvas; DrawScope.drawBackground; DrawScope.drawGnome; DrawScope.drawShadow; DrawScope.drawShoes; shoe; DrawScope.drawLegs; leg; DrawScope.drawHand; DrawScope.drawLeftArm; DrawScope.drawRightArm; DrawScope.drawBaton; DrawScope.drawBody; DrawScope.drawShirtCollar; DrawScope.drawBelt; DrawScope.drawButtons; DrawScope.drawNeck; headLightCenter; headLightRadius; skinSphereColor; skinFalloffAt; DrawScope.drawHead; earPath; DrawScope.drawEars; hairSidePath; hatShadowSurface; DrawScope.drawHair; DrawScope.drawNose; DrawScope.drawMouth; DrawScope.drawMustache; wing; DrawScope.drawSunglasses; lens; DrawScope.drawEyebrows; rollLambert; rollGradient; coneFeltColor; clothRollColor; pantsRollColor; shoeRollColor; goldRollColor; DrawScope.drawHat; GnomeCanvasIdlePreview","","0","11","1","0","1","0","0","0"
"app/src/main/java/com/example/metrognome/ui/components/GnoteTickFlair.kt","155","production UI","GnoteTickFlair; DrawScope.drawGnoteBurst","","0","0","0","0","0","0","0","0"
"app/src/main/java/com/example/metrognome/ui/components/GoldPill.kt","77","production UI","GoldPill","","0","0","0","0","0","0","0","0"
"app/src/main/java/com/example/metrognome/ui/components/GoldSlider.kt","151","production UI","GoldSlider","","0","0","0","0","0","0","0","0"
"app/src/main/java/com/example/metrognome/ui/components/GuitarFretboard.kt","222","production UI","fretboardPositionFractions; GuitarFretboard; stringY; fretX; GuitarFretboardPreview","8; 9","0","0","1","0","0","0","0","0"
"app/src/main/java/com/example/metrognome/ui/components/ItemProgressBar.kt","113","production UI","ItemProgressBar","","0","2","0","0","1","0","0","0"
"app/src/main/java/com/example/metrognome/ui/components/LabelValueBadge.kt","38","production UI","LabelValueBadge","","0","0","0","0","0","0","0","0"
"app/src/main/java/com/example/metrognome/ui/components/ListeningIndicators.kt","150","production UI","listeningStateColor; ListeningStateIcons; ListeningStateBadge; ListeningStateBadge; InputLevelMeter","","0","0","0","0","0","0","0","0"
"app/src/main/java/com/example/metrognome/ui/components/LoyaltyMilestonePath.kt","280","production UI","LoyaltyMilestonePath; MilestoneNode","8","0","10","0","0","1","0","0","0"
"app/src/main/java/com/example/metrognome/ui/components/MediaVolumeGate.kt","72","production UI","musicVolumeFraction; rememberMediaVolumeFraction; rememberMediaVolumeOk; VolumeNudge","12","1","0","0","0","0","0","0","0"
"app/src/main/java/com/example/metrognome/ui/components/MetroAvatar.kt","36","production UI","MetroAvatar; MetroAvatarPreview","","0","0","0","0","0","0","0","0"
"app/src/main/java/com/example/metrognome/ui/components/MetroCollectionIcon.kt","80","production UI","MetroCollectionIcon; p; DrawScope.drawGlint","","0","0","0","0","0","0","0","0"
"app/src/main/java/com/example/metrognome/ui/components/MicAccessStrip.kt","93","production UI","MicAccessStrip; MicAccessStripPreview","11","1","0","0","4","0","0","0","1"
"app/src/main/java/com/example/metrognome/ui/components/MicOptIn.kt","146","production UI","MicOptIn","12","2","0","0","0","0","0","0","0"
"app/src/main/java/com/example/metrognome/ui/components/MicPermissionRecovery.kt","111","production UI","rememberMicPermissionRecovery","","0","0","0","0","0","0","0","0"
"app/src/main/java/com/example/metrognome/ui/components/MicTimingNudge.kt","295","production UI","MicTimingNudge; watch; ActiveReminder; WrongRouteReminder; PermissionNeededReminder; StartCheckCta","10; 12","5","0","0","0","0","0","0","0"
"app/src/main/java/com/example/metrognome/ui/components/MorphingPill.kt","216","production UI","MorphingPill; Modifier.morphSurface","","0","0","2","0","0","0","0","0"
"app/src/main/java/com/example/metrognome/ui/components/OwnedBadge.kt","28","production UI","OwnedBadge","12","0","0","0","0","0","0","0","0"
"app/src/main/java/com/example/metrognome/ui/components/PerformanceBonusReward.kt","113","production UI","PerformanceBonusReward","11; 12; 13; 16; 18; 44","0","0","0","0","0","0","0","0"
"app/src/main/java/com/example/metrognome/ui/components/PianoKeyboard.kt","206","production UI","pianoKeyCentreFraction; PianoKeyboard; faceBrush; PianoKeyboardPreview","8","0","0","1","0","0","0","0","0"
"app/src/main/java/com/example/metrognome/ui/components/PlayStopKey.kt","61","production UI","PlayStopKey","","0","0","0","0","0","0","0","0"
"app/src/main/java/com/example/metrognome/ui/components/PointsEarnedBanner.kt","119","production UI","PointsEarnedBanner; LoyaltyMilestoneBanner; PointsBannerData.toBannerModel; milestoneBannerModel; milestoneLabel","","0","0","0","0","0","0","0","0"
"app/src/main/java/com/example/metrognome/ui/components/PollBanner.kt","71","production UI","PollBanner","","0","0","0","0","0","0","0","0"
"app/src/main/java/com/example/metrognome/ui/components/PremiumChip.kt","49","production UI","PremiumChip","9","0","0","0","0","0","0","0","0"
"app/src/main/java/com/example/metrognome/ui/components/PresetChipsRow.kt","107","production UI","PresetChipsRow","10; 12","0","0","1","0","0","0","0","0"
"app/src/main/java/com/example/metrognome/ui/components/PrimaryButton.kt","53","production UI","PrimaryButton","14","1","0","0","0","0","0","0","0"
"app/src/main/java/com/example/metrognome/ui/components/RaisedControl.kt","130","production UI","Modifier.raisedFace; RaisedControl; RaisedControlPreview","13; 14; 20","0","0","0","0","0","0","0","0"
"app/src/main/java/com/example/metrognome/ui/components/RhythmPulseIcon.kt","51","production UI","RhythmPulseIcon","","0","0","0","0","0","0","0","0"
"app/src/main/java/com/example/metrognome/ui/components/RoomNoiseIndicator.kt","66","production UI","RoomNoiseIndicator","","0","0","0","0","0","0","0","0"
"app/src/main/java/com/example/metrognome/ui/components/Seal.kt","264","production UI","halo; Seal; DrawScope.drawSeal; Path.addSealOutline; Path.addCheckMark; SealEmblemPreview; SealBadgePreview","","0","0","0","0","1","0","0","0"
"app/src/main/java/com/example/metrognome/ui/components/SpeedTrainerHud.kt","357","production UI","SpeedTrainerHud; SpeedTrainerCountdownHud","13; 14; 36; 8; 9","6","0","0","0","1","0","0","0"
"app/src/main/java/com/example/metrognome/ui/components/StreakIcon.kt","99","production UI","StreakIcon","","0","10","0","0","0","0","0","0"
"app/src/main/java/com/example/metrognome/ui/components/StreakWeekCard.kt","374","production UI","CollapsibleStreakCard; StreakWeekCard; StreakHeaderText; StreakDayDot","11; 13; 9","0","10","0","0","3","0","0","0"
"app/src/main/java/com/example/metrognome/ui/components/TapDelight.kt","310","production UI","Modifier.tapDelight; random; DrawScope.drawBurst; DrawScope.drawSpark; DrawScope.drawNote","","0","0","1","0","0","0","0","0"
"app/src/main/java/com/example/metrognome/ui/components/TimeSignaturePicker.kt","272","production UI","TimeSignaturePicker; PresetCarousel; FractionStepper; StepperLine; StepButton; AccentCell; ResetAccentsButton; stepDenominator","13; 14; 18; 26","0","0","0","0","0","0","0","0"
"app/src/main/java/com/example/metrognome/ui/components/TunerFeedbackCard.kt","186","production UI","TunerFeedbackCard; ReasonStep; ReasonChip","13; 16","1","0","0","0","0","0","0","0"
"app/src/main/java/com/example/metrognome/ui/components/TunerNeedleIcon.kt","65","production UI","TunerNeedleIcon","","0","0","0","0","0","0","0","0"
"app/src/main/java/com/example/metrognome/ui/components/instruments/Instrument.kt","16","production UI","","","0","0","0","0","0","0","0","0"
"app/src/main/java/com/example/metrognome/ui/components/instruments/InstrumentAffinity.kt","31","production UI","instrumentsFor","","0","0","0","0","0","0","0","0"
"app/src/main/java/com/example/metrognome/ui/components/instruments/InstrumentAffinityBadges.kt","37","production UI","InstrumentAffinityBadges","","0","0","0","0","0","0","0","0"
"app/src/main/java/com/example/metrognome/ui/components/instruments/InstrumentAffinityRow.kt","46","production UI","InstrumentAffinityRow","","0","0","0","0","0","0","0","0"
"app/src/main/java/com/example/metrognome/ui/components/instruments/InstrumentGlyphs.kt","72","production UI","DrawScope.drawInstrumentGlyph","","0","0","0","0","0","0","0","0"
"app/src/main/java/com/example/metrognome/ui/components/instruments/InstrumentIcon.kt","45","production UI","InstrumentIcon","","0","0","0","4","0","0","0","0"
"app/src/main/java/com/example/metrognome/ui/components/metro_items/FireworkEffect.kt","98","production UI","DrawScope.drawFireworkBurst","","0","0","0","0","0","0","0","0"
"app/src/main/java/com/example/metrognome/ui/components/metro_items/MetroItem.kt","41","production UI","hitCenter; hitRadius; previewCenter; previewRadius; DrawScope.draw","","0","0","0","0","0","0","0","0"
"app/src/main/java/com/example/metrognome/ui/components/metro_items/MetroItemEntry.kt","8","production UI","","","0","0","0","0","0","0","0","0"
"app/src/main/java/com/example/metrognome/ui/components/metro_items/MetroItemPreviews.kt","107","production UI","ItemPreview; GoldEarringPreview; LuxuryWatchPreview; GoldChainPreview; ForestTreePreview; TorchPostPreview; GlowingMushroomPreview; ForestFloorFlowersPreview; FirefliesPreview; MoonAndStarsPreview; GlissieFairyPreview; MusicStandPreview; TuningForkPreview; HatFeatherPreview; LapelPinPreview; StudioMicPreview; CheekTattooPreview; StreakIconLargePreview","","0","0","0","0","0","0","0","0"
"app/src/main/java/com/example/metrognome/ui/components/metro_items/MetroItemRegistry.kt","130","production UI","","","0","0","0","0","0","0","0","0"
"app/src/main/java/com/example/metrognome/ui/components/metro_items/MetroItemTracker.kt","315","production UI","addMetronomeSeconds; addTunerSeconds; addDroneSeconds; recordChordDiscovered; recordChordNamed; recordTunerNoteLocked; recordGameCompleted; addGameScore; addPracticeMinutes; recordTunerFeedback; recordSpeedTrainingCompleted; addSpeedTrainerSeconds; recordMicCheckCompleted; addPerformanceBonus; metronomeSeconds; tunerSeconds; droneSeconds; tunerNotesLocked; gamesCompleted; totalGameScore; totalPracticeMinutes; tunerFeedbackGiven; speedTrainingSessionsCompleted; speedTrainerSeconds; performanceBonusPoints; micChecksCompleted; chordsDiscovered; chordsNamed; chordsNamedByMic; chordsNamedByTap; chordsDiscoveredSet; practiceSessionsCompleted; loyaltyDays; daysSinceFirstLaunch; isCheatModeEnabled; toggleCheatMode; forceUnlock; debugClearItemPurchases; isUnlocked; unlockedIds; markCelebrated; celebratedIds; resetAllProgress","","0","0","0","0","0","0","0","0"
"app/src/main/java/com/example/metrognome/ui/components/metro_items/UnlockCondition.kt","138","production UI","UnlockCondition.displayText","","0","0","0","0","0","0","0","0"
"app/src/main/java/com/example/metrognome/ui/components/metro_items/UnlockProgress.kt","148","production UI","UnlockCondition.unlockProgress; UnlockCondition.progressLabel","","0","0","0","0","0","0","0","0"
"app/src/main/java/com/example/metrognome/ui/components/metro_items/items/AcousticGuitar.kt","196","production UI","DrawScope.drawGuitar","","0","9","0","0","0","0","0","0"
"app/src/main/java/com/example/metrognome/ui/components/metro_items/items/CheekTattoo.kt","127","production UI","DrawScope.drawEighthNote","","0","1","0","0","0","0","0","0"
"app/src/main/java/com/example/metrognome/ui/components/metro_items/items/DroneBee.kt","192","production UI","","","0","6","0","0","0","0","0","0"
"app/src/main/java/com/example/metrognome/ui/components/metro_items/items/Fireflies.kt","82","production UI","","","0","2","0","0","0","0","0","0"
"app/src/main/java/com/example/metrognome/ui/components/metro_items/items/ForestFloorFlowers.kt","228","production UI","DrawScope.drawFlower; DrawScope.leafAt; DrawScope.drawBud; DrawScope.drawGrassBlades","","0","8","0","0","0","0","0","0"
"app/src/main/java/com/example/metrognome/ui/components/metro_items/items/ForestTree.kt","259","production UI","DrawScope.drawMossPatch; DrawScope.leafPuff; DrawScope.drawCarvedNote","","0","11","0","0","0","0","0","0"
"app/src/main/java/com/example/metrognome/ui/components/metro_items/items/GlissieFairy.kt","466","production UI","DrawScope.drawDust; DrawScope.drawWings; DrawScope.drawBody; DrawScope.drawWandStar; DrawScope.drawHead","","0","26","0","0","0","0","0","0"
"app/src/main/java/com/example/metrognome/ui/components/metro_items/items/GlowingMushroom.kt","247","production UI","DrawScope.drawMushroom; DrawScope.drawSpot","","0","14","0","0","0","0","0","0"
"app/src/main/java/com/example/metrognome/ui/components/metro_items/items/GoldChain.kt","206","production UI","DrawScope.drawChain; DrawScope.drawMedallion","","0","3","0","0","0","0","0","0"
"app/src/main/java/com/example/metrognome/ui/components/metro_items/items/GoldEarring.kt","209","production UI","DrawScope.drawMusicNote","","0","5","0","0","0","0","0","0"
"app/src/main/java/com/example/metrognome/ui/components/metro_items/items/HatFeather.kt","139","production UI","DrawScope.drawFeather; pt; tangent; widthAt","","0","6","0","0","0","0","0","0"
"app/src/main/java/com/example/metrognome/ui/components/metro_items/items/JewelryFx.kt","30","production UI","DrawScope.drawSparkle","","0","0","0","0","0","0","0","0"
"app/src/main/java/com/example/metrognome/ui/components/metro_items/items/LapelPin.kt","228","production UI","roundedTrapezoid; towards","","0","4","0","0","0","0","0","0"
"app/src/main/java/com/example/metrognome/ui/components/metro_items/items/LuxuryWatch.kt","222","production UI","DrawScope.drawWatchBody; DrawScope.drawStrapSegment; DrawScope.drawHand","","0","7","0","0","0","0","0","0"
"app/src/main/java/com/example/metrognome/ui/components/metro_items/items/MoonAndStars.kt","184","production UI","DrawScope.drawStarSpark; DrawScope.drawSharpStar","","0","7","0","0","0","0","0","0"
"app/src/main/java/com/example/metrognome/ui/components/metro_items/items/MusicStand.kt","248","production UI","DrawScope.drawTimeSignature; DrawScope.drawDigit4","","0","7","0","0","0","0","0","0"
"app/src/main/java/com/example/metrognome/ui/components/metro_items/items/StudioMic.kt","158","production UI","circleRect","","0","4","0","0","0","0","0","0"
"app/src/main/java/com/example/metrognome/ui/components/metro_items/items/TorchPost.kt","347","production UI","DrawScope.drawInnerFlame","","0","13","0","0","0","0","0","0"
"app/src/main/java/com/example/metrognome/ui/components/metro_items/items/TuningFork.kt","152","production UI","","","0","4","0","0","0","0","0","0"
"app/src/main/java/com/example/metrognome/ui/dialogs/AppDialog.kt","91","production UI","AppDialog","","0","0","0","0","0","1","1","0"
"app/src/main/java/com/example/metrognome/ui/dialogs/CalibrationDialog.kt","426","production UI","CalibrationDialog; RunningContent; DoneLoopbackContent; DoneReferenceContent; FailedContent; ResultIcon; ActionRow; CalibrationConfirmDialog; fmtHz","12; 13","1","0","0","0","0","2","0","0"
"app/src/main/java/com/example/metrognome/ui/dialogs/ConfirmDestructiveDialog.kt","89","production UI","ConfirmDestructiveDialog","13","0","0","0","0","0","0","1","0"
"app/src/main/java/com/example/metrognome/ui/dialogs/DialogCloseButton.kt","35","production UI","DialogCloseButton","","0","0","0","0","0","0","0","0"
"app/src/main/java/com/example/metrognome/ui/dialogs/DialogTitle.kt","34","production UI","DialogTitle","18","1","0","0","0","0","0","0","0"
"app/src/main/java/com/example/metrognome/ui/dialogs/EarnRulesDialog.kt","267","production UI","EarnRulesDialog; EarnRuleCard; StatChip; iconFor","10; 11; 12; 13; 9","3","0","0","0","0","1","0","0"
"app/src/main/java/com/example/metrognome/ui/dialogs/GnotesInfoDialog.kt","187","production UI","GnotesInfoDialog","11; 12; 13","2","0","0","0","0","1","0","0"
"app/src/main/java/com/example/metrognome/ui/dialogs/GrooveCheckRecalibrateDialog.kt","56","production UI","GrooveCheckRecalibrateDialog","13","1","0","0","0","0","0","1","0"
"app/src/main/java/com/example/metrognome/ui/dialogs/InstrumentCalibrationDialog.kt","163","production UI","InstrumentCalibrationDialog","11; 13","1","0","0","0","0","1","0","0"
"app/src/main/java/com/example/metrognome/ui/dialogs/ItemCatalogDialog.kt","278","production UI","ItemCatalogDialog; ItemCard","10; 12","1","0","0","4","0","1","0","0"
"app/src/main/java/com/example/metrognome/ui/dialogs/NotificationOptInDialog.kt","79","production UI","NotificationOptInDialog","13","1","0","0","0","0","0","1","0"
"app/src/main/java/com/example/metrognome/ui/dialogs/PremiumPurchaseDialog.kt","531","production UI","PremiumPurchaseDialog; ShowcaseFrame; AudioShowcase; HighlightRow; StateMessage; PrimaryCta; RestoreLink; PreviewActionButton","11; 12; 13; 14; 15; 9","2","1","0","0","3","1","0","0"
"app/src/main/java/com/example/metrognome/ui/dialogs/PresetDeleteDialog.kt","84","production UI","PresetDeleteDialog","13","0","0","0","0","0","0","1","0"
"app/src/main/java/com/example/metrognome/ui/dialogs/SavePresetDialog.kt","204","production UI","SavePresetDialog; PresetChipPreview","11; 13; 44; 9","0","0","0","0","0","1","0","0"
"app/src/main/java/com/example/metrognome/ui/dialogs/SpeedTrainerDialog.kt","515","production UI","SpeedTrainerDialog; formatTrainerDuration; RampArc; ConfigTile; IncrementModeToggle","10; 11; 16; 18; 9","6","2","0","0","0","0","1","0"
"app/src/main/java/com/example/metrognome/ui/overlays/MetroAvatarDialog.kt","77","production UI","MetroAvatarDialog","12","0","0","0","0","0","1","0","0"
"app/src/main/java/com/example/metrognome/ui/overlays/MicCheckOverlay.kt","487","production UI","MicCheckOverlay; hasMic; start; IntroContent; RunningContent; phaseProgress; PassContent; FixableContent; IncapableContent; UnmeasurableContent; PulsingNote; ResultIcon; PassContentPreview; TwoButtonRow","12; 13","8","0","0","0","1","1","0","0"
"app/src/main/java/com/example/metrognome/ui/overlays/OverlayEyebrow.kt","33","production UI","OverlayEyebrow","11","1","0","0","0","0","0","0","0"
"app/src/main/java/com/example/metrognome/ui/overlays/PracticeCompleteOverlay.kt","149","production UI","PracticeCompleteOverlay","14; 72","0","0","0","0","1","0","0","0"
"app/src/main/java/com/example/metrognome/ui/overlays/SpeedTrainerResultOverlay.kt","330","production UI","SpeedTrainerResultOverlay; NoMicResultBody; MicResultBody; CompletedRampArc; StatCard","10; 11; 12; 16; 40; 8","2","0","0","0","0","0","0","0"
"app/src/main/java/com/example/metrognome/ui/overlays/UnlockCelebrationOverlay.kt","294","production UI","DrawScope.drawConfetti; UnlockCelebrationOverlay; ItemPreviewCanvas","12; 14","1","0","0","0","1","0","0","0"
"app/src/main/java/com/example/metrognome/ui/overlays/WhatsNewOverlay.kt","711","production UI","WhatsNewOverlayDispatcher; DrawScope.drawMiniTunerGauge; V5FeatureIntroOverlay; V6FeatureIntroOverlay; V3FeatureIntroOverlay; V4FeatureIntroOverlay","10; 11; 12; 14; 52","5","6","0","0","4","0","0","0"
"app/src/main/java/com/example/metrognome/ui/screens/ChordFinderScreen.kt","1255","production UI","ChordFinderScreen; ChordFinderContent; spell; octave; degree; ChordReading.bestMatch; InstrumentCard; ListeningCard; MicRow; MicAskRow; NotesStrip; NoteChip; ChordHero; HearStrip; tipFor; TipStrip; PinnedSlot; HeroSymbol; HeroCaption; ChordFinderIdentifiedPreview; ChordFinderEmptyPianoPreview","10; 11; 12; 13; 14; 15; 24; 44","24","0","0","8","0","0","0","3"
"app/src/main/java/com/example/metrognome/ui/screens/MetronomeScreen.kt","1334","production UI","MetronomeScreen; BpmStepperRow; SecondaryControlsRow; CompactIconChip; PracticeProgressRow; heartbeatCurve; PracticeDurationDialog; formatPracticeTime; BeatIndicatorRow; tempoLabel; BpmDisplay; BpmButton; PlayPauseButton; BpmDisplayPreview; BeatIndicatorRowPreview; PlayPauseButtonsPreview; BpmStepperRowPreview; SecondaryControlsRowPreview","11; 13; 14; 23; 44; 52","1","6","0","0","1","0","2","0"
"app/src/main/java/com/example/metrognome/ui/screens/RhythmGameScreen.kt","1528","production UI","RhythmGameScreen; RhythmDashboard; GameCard; DailyTargetMeter; CountdownPanel; PlayingPanel; BeatDotsRow; MicEqualizer; NoteHighway; QualityFeedback; ScoreBadge; ResultPanel; ResultRow; PointsCard; LoyaltyCard; PracticeStreakCard; CollectionCard; CountdownPanelPreview; BeatDotsRowPreview","10; 11; 12; 13; 14; 140; 18; 20; 22; 24; 44; 60; 8; 9","3","1","0","0","0","0","1","1"
"app/src/main/java/com/example/metrognome/ui/screens/SettingsScreen.kt","807","production UI","SettingsScreen; PurchasableItemRow; PurchasableItemDialog; PremiumSoundDialog; RemoveAdsSection; SettingsCard; SettingsSliderRow; SettingsRow; SettingsSwitchRow; NotificationsRow","11; 12; 13; 14","3","0","0","0","0","0","0","1"
"app/src/main/java/com/example/metrognome/ui/screens/TunerScreen.kt","1808","production UI","TunerScreen; TunerScreenContent; CalibrationNudgeBanner; TunerGauge; GaugeReadout; gaugeAccent; DrawScope.drawGauge; AmbientPanel; FrequencyRail; frac; noiseColor; noiseLabel; noiseDots; AmbientDetailRow; DetailBarMeter; DetailSegmentMeter; DetailValue; suppressionCaption; SuppressionLevelToggle; DroneVoiceDialog; ReferencePitchControls; StepButton; InstrumentCalibrationChip; CalibrationCard; IdleCalibration; CalibrationOptionButton; TuningForkIcon; CalibrationStatus; ReferencePitchMorph; fmtCents; TunerGaugePreview; AmbientPanelPreview; ReferencePitchControlsPreview","10; 11; 12; 13; 14; 15; 20; 52; 9","6","0","0","4","1","0","0","2"
"app/src/main/java/com/example/metrognome/ui/theme/Color.kt","217","production UI","","","0","116","0","0","0","0","0","0"
"app/src/main/java/com/example/metrognome/ui/theme/Theme.kt","31","production UI","MetroGnomeTheme","","0","11","0","0","0","0","0","0"
"app/src/main/java/com/example/metrognome/ui/theme/Type.kt","34","production UI","","16","1","0","0","0","0","0","0","0"
"app/src/main/java/com/example/metrognome/MainActivity.kt","386","production UI","tabFromIntent; MetroGnomeApp; switchTab","","0","0","0","0","0","0","0","0"
"app/src/main/java/com/example/metrognome/debug/chords/ChordLoopDiagnosticOverlay.kt","337","developer UI","ChordLoopDiagnosticOverlay; RoundCard; LegatoCard; ChordLines; Mono","11; 13; 16","1","3","0","0","0","1","0","0"
"app/src/main/java/com/example/metrognome/debug/chords/ChordLoopRunningPill.kt","152","developer UI","ChordLoopRunningPill","10; 11","2","0","0","0","1","0","0","0"
"app/src/main/java/com/example/metrognome/debug/mic/MicDiagnosticsOverlay.kt","391","developer UI","statusColor; MicDiagnosticsOverlay; runTest; IntroView; RunningView; ReportCard; CheckBlock; ResidualHeader; ResidualRow; androidx.compose.foundation.layout.RowScope.Cell; MonoBody; RunButton; fmt; pct; ratioStr; tunedSuffix","10; 11; 12; 13; 16; 9","3","3","0","0","0","1","0","0"
"app/src/main/java/com/example/metrognome/debug/mic/MicTimingLogOverlay.kt","557","developer UI","MicTimingLogOverlay; SummaryCard; StatChip; KeyVal; SessionAudioCard; AmplitudeTrace; SectionedWaveform; LiveAmplitudeTrace; EventList; describe; signed; EmptyState","10; 11; 12; 13; 16; 18; 7.5; 9","2","4","0","0","0","1","0","0"
"app/src/main/java/com/example/metrognome/debug/profile/ProfileRoundTripOverlay.kt","479","developer UI","ProfileRoundTripOverlay; ModePill; RoundTripContent; DiffRow; MergeDemoContent; MergeRowView; syntheticOtherDevice; compareRows; mergeRows; maxRowL; maxRowI; setRow; mapRow; fmtSet; fmtMap","10; 11; 12; 13; 16; 20; 22; 9","0","3","0","0","0","1","0","0"
"app/src/main/java/com/example/metrognome/debug/settings/DevButton.kt","65","developer UI","DevButton","12","1","0","0","0","0","0","0","0"
"app/src/main/java/com/example/metrognome/debug/settings/DevToolsSection.kt","844","developer UI","DevToolsSection; StreakSimulator; AdPolicyDialog; AdPolicySectionLabel; AdPolicyTierLegend; AdPolicyGlobalCooldown; AdPolicyPlacementCard; AdPolicyCooldownChip; AdPolicyGateBadge","10; 11; 12; 13; 14; 17; 9","11","0","0","0","0","1","0","0"
"app/src/main/java/com/example/metrognome/debug/tuner/TunerLockLogOverlay.kt","275","developer UI","TunerLockLogOverlay; SummaryCard; LockRow; HoldBar; StatChip; KeyVal; EmptyState","10; 11; 12; 13; 15; 16; 18; 7.5","2","3","0","0","0","1","0","0"
"app/src/main/java/com/example/metrognome/debug/tuner/TunerReadingLogOverlay.kt","255","developer UI","TunerReadingLogOverlay; Header; StatsTable; centsColor; signed; RowScope.HeaderCell; RowScope.Cell; KeyVal; EmptyState","10; 11; 13; 16; 9; 9.5","3","3","0","0","0","1","0","0"
"app/src/main/java/com/example/metrognome/debug/tuner/TunerReadingRecordingPill.kt","83","developer UI","TunerReadingRecordingPill","11","1","0","0","0","1","0","0","0"
