"file","bytes","sha256"
"app/src/main/res/drawable/ic_launcher_background.xml","873","4475B9B3440B0C69068E4FD4CDCFE639801C4408CD82363DA9CC0FF3F4220870"
"app/src/main/res/drawable/ic_launcher_foreground.xml","19296","F7B80070B211F85225AC69C68BADEE830C7F5224FD91F177342004A097AC8777"
"app/src/main/res/drawable/ic_stat_notification.xml","689","433EFCCFCD6430710B342859BD4795F6A82BCC6672FD0D5B7C2F571634EE67EB"
"app/src/main/res/mipmap-anydpi-v26/ic_launcher_round.xml","271","9137642568EBA268917309BEE6B645300070A000BBA4213DA60BDA3E197C376A"
"app/src/main/res/mipmap-anydpi-v26/ic_launcher.xml","271","9137642568EBA268917309BEE6B645300070A000BBA4213DA60BDA3E197C376A"
"app/src/main/res/mipmap-hdpi/ic_launcher_round.webp","2598","F21FEE5C9C0F85EDF5AE4C3A1B45D4B3EF61D3DA117CCC841CFBC68F1CBD6C7E"
"app/src/main/res/mipmap-hdpi/ic_launcher.webp","2598","F21FEE5C9C0F85EDF5AE4C3A1B45D4B3EF61D3DA117CCC841CFBC68F1CBD6C7E"
"app/src/main/res/mipmap-mdpi/ic_launcher_round.webp","1572","134BD1182189D1FF3477178E491AF89527A27A6A13643B35F830F258379CCB08"
"app/src/main/res/mipmap-mdpi/ic_launcher.webp","1572","134BD1182189D1FF3477178E491AF89527A27A6A13643B35F830F258379CCB08"
"app/src/main/res/mipmap-xhdpi/ic_launcher_round.webp","3722","1B23BDCBD31157DB7A9A1144B256431D17C81F8AC049085D711FCB9A16117C1B"
"app/src/main/res/mipmap-xhdpi/ic_launcher.webp","3722","1B23BDCBD31157DB7A9A1144B256431D17C81F8AC049085D711FCB9A16117C1B"
"app/src/main/res/mipmap-xxhdpi/ic_launcher_round.webp","6114","6526D77DB9954F4ABFC723149F9ABA0C1D397C7E2FB5ABE529E57AE3BD4978A7"
"app/src/main/res/mipmap-xxhdpi/ic_launcher.webp","6114","6526D77DB9954F4ABFC723149F9ABA0C1D397C7E2FB5ABE529E57AE3BD4978A7"
"app/src/main/res/mipmap-xxxhdpi/ic_launcher_round.webp","8716","198274B2920CF3DB18B4054E851668F44514328E2D95C228B6CBD4540360CED3"
"app/src/main/res/mipmap-xxxhdpi/ic_launcher.webp","8716","198274B2920CF3DB18B4054E851668F44514328E2D95C228B6CBD4540360CED3"
"app/src/main/res/values/colors.xml","289","97922326833A9EF13C8A8DC801EA6C8AF5D7F6C2E7456A1F340373AB76570B1E"
"app/src/main/res/values/strings.xml","77","C6FBE745451E2FE7B1EC573A6472BAC98342ABA9B41B16C0A6C66DFBF416D633"
"app/src/main/res/values/themes.xml","152","4D0A6704531B25F4AE68CE5F2F1B1F31AD7072EFB173998B7563003FF83967F5"
"app/src/main/res/xml/backup_rules.xml","478","6CF1A27E6807B1D24E41D3FBE7DDC1BFE1F42226027964F6EAF477D71B43B283"
"app/src/main/res/xml/data_extraction_rules.xml","551","CB1FC47AB4A984530ED60E0E6EE638929C3038290E7E7E0B4B03A3A30FBE7381"
